State,County
alabama,autauga
alabama,baldwin
alabama,barbour
alabama,bibb
alabama,blount
alabama,bullock
alabama,butler
alabama,calhoun
alabama,chambers
alabama,cherokee
alabama,chilton
alabama,choctaw
alabama,clarke
alabama,clay
alabama,cleburne
alabama,coffee
alabama,colbert
alabama,conecuh
alabama,coosa
alabama,covington
alabama,crenshaw
alabama,cullman
alabama,dale
alabama,dallas
alabama,dekalb
alabama,elmore
alabama,escambia
alabama,etowah
alabama,fayette
alabama,franklin
alabama,greene
alabama,hale
alabama,henry
alabama,houston
alabama,jackson
alabama,jefferson
alabama,lamar
alabama,lauderdale
alabama,lawrence
alabama,lee
alabama,limestone
alabama,lowndes
alabama,macon
alabama,madison
alabama,marengo
alabama,marion
alabama,marshall
alabama,mobile
alabama,monroe
alabama,montgomery
alabama,morgan
alabama,perry
alabama,pickens
alabama,pike
alabama,randolph
alabama,russell
alabama,shelby
alabama,st.-clair
alabama,sumter
alabama,talladega
alabama,tallapoosa
alabama,tuscaloosa
alabama,walker
alabama,washington
alabama,wilcox
alabama,winston
alaska,anchorage
alaska,fairbanks-north-star
alaska,juneau
alaska,kenai-peninsula
alaska,ketchikan-gateway
alaska,matanuska-susitna
alaska,petersburg
alaska,southeast-fairbanks
alaska,unassigned
alaska,yukon-koyukuk
arizona,apache
arizona,cochise
arizona,coconino
arizona,gila
arizona,graham
arizona,greenlee
arizona,la-paz
arizona,maricopa
arizona,mohave
arizona,navajo
arizona,pima
arizona,pinal
arizona,santa-cruz
arizona,unassigned
arizona,yavapai
arizona,yuma
arkansas,arkansas
arkansas,ashley
arkansas,baxter
arkansas,benton
arkansas,boone
arkansas,bradley
arkansas,carroll
arkansas,chicot
arkansas,clark
arkansas,cleburne
arkansas,cleveland
arkansas,columbia
arkansas,conway
arkansas,craighead
arkansas,crawford
arkansas,crittenden
arkansas,cross
arkansas,dallas
arkansas,desha
arkansas,drew
arkansas,faulkner
arkansas,garland
arkansas,grant
arkansas,greene
arkansas,hempstead
arkansas,hot-spring
arkansas,howard
arkansas,independence
arkansas,jefferson
arkansas,johnson
arkansas,lafayette
arkansas,lawrence
arkansas,lee
arkansas,lincoln
arkansas,lonoke
arkansas,miller
arkansas,mississippi
arkansas,monroe
arkansas,nevada
arkansas,newton
arkansas,ouachita
arkansas,perry
arkansas,phillips
arkansas,pike
arkansas,poinsett
arkansas,polk
arkansas,pope
arkansas,prairie
arkansas,pulaski
arkansas,randolph
arkansas,saline
arkansas,scott
arkansas,searcy
arkansas,sebastian
arkansas,sevier
arkansas,sharp
arkansas,st.-francis
arkansas,stone
arkansas,unassigned
arkansas,union
arkansas,van-buren
arkansas,washington
arkansas,white
arkansas,woodruff
arkansas,yell
california,alameda
california,alpine
california,amador
california,butte
california,calaveras
california,colusa
california,contra-costa
california,del-norte
california,el-dorado
california,fresno
california,glenn
california,humboldt
california,imperial
california,inyo
california,kern
california,kings
california,lake
california,los-angeles
california,madera
california,marin
california,mendocino
california,merced
california,mono
california,monterey
california,napa
california,nevada
california,orange
california,placer
california,plumas
california,riverside
california,sacramento
california,san-benito
california,san-bernardino
california,san-diego
california,san-francisco
california,san-joaquin
california,san-luis-obispo
california,san-mateo
california,santa-barbara
california,santa-clara
california,santa-cruz
california,shasta
california,siskiyou
california,solano
california,sonoma
california,stanislaus
california,sutter
california,tehama
california,tulare
california,tuolumne
california,unassigned
california,ventura
california,yolo
california,yuba
colorado,adams
colorado,alamosa
colorado,arapahoe
colorado,archuleta
colorado,baca
colorado,boulder
colorado,broomfield
colorado,chaffee
colorado,clear-creek
colorado,costilla
colorado,crowley
colorado,custer
colorado,delta
colorado,denver
colorado,douglas
colorado,eagle
colorado,el-paso
colorado,elbert
colorado,fremont
colorado,garfield
colorado,grand
colorado,gunnison
colorado,hinsdale
colorado,huerfano
colorado,jefferson
colorado,kit-carson
colorado,la-plata
colorado,lake
colorado,larimer
colorado,las-animas
colorado,lincoln
colorado,logan
colorado,mesa
colorado,mineral
colorado,moffat
colorado,montezuma
colorado,montrose
colorado,morgan
colorado,otero
colorado,ouray
colorado,out-of-co
colorado,park
colorado,phillips
colorado,pitkin
colorado,pueblo
colorado,rio-blanco
colorado,rio-grande
colorado,routt
colorado,saguache
colorado,san-miguel
colorado,summit
colorado,teller
colorado,unassigned
colorado,washington
colorado,weld
colorado,yuma
connecticut,fairfield
connecticut,hartford
connecticut,litchfield
connecticut,middlesex
connecticut,new-haven
connecticut,new-london
connecticut,tolland
connecticut,unassigned
connecticut,windham
delaware,kent
delaware,new-castle
delaware,sussex
delaware,unassigned
diamond-princess,
district-of-columbia,district-of-columbia
florida,alachua
florida,baker
florida,bay
florida,bradford
florida,brevard
florida,broward
florida,calhoun
florida,charlotte
florida,citrus
florida,clay
florida,collier
florida,columbia
florida,desoto
florida,dixie
florida,duval
florida,escambia
florida,flagler
florida,franklin
florida,gadsden
florida,glades
florida,gulf
florida,hamilton
florida,hardee
florida,hendry
florida,hernando
florida,highlands
florida,hillsborough
florida,holmes
florida,indian-river
florida,jackson
florida,jefferson
florida,lake
florida,lee
florida,leon
florida,levy
florida,madison
florida,manatee
florida,marion
florida,martin
florida,miami-dade
florida,monroe
florida,nassau
florida,okaloosa
florida,okeechobee
florida,orange
florida,osceola
florida,palm-beach
florida,pasco
florida,pinellas
florida,polk
florida,putnam
florida,santa-rosa
florida,sarasota
florida,seminole
florida,st.-johns
florida,st.-lucie
florida,sumter
florida,suwannee
florida,unassigned
florida,union
florida,volusia
florida,wakulla
florida,walton
florida,washington
georgia,appling
georgia,bacon
georgia,baker
georgia,baldwin
georgia,banks
georgia,barrow
georgia,bartow
georgia,ben-hill
georgia,berrien
georgia,bibb
georgia,bleckley
georgia,brantley
georgia,brooks
georgia,bryan
georgia,bulloch
georgia,burke
georgia,butts
georgia,calhoun
georgia,camden
georgia,candler
georgia,carroll
georgia,catoosa
georgia,charlton
georgia,chatham
georgia,chattahoochee
georgia,chattooga
georgia,cherokee
georgia,clarke
georgia,clay
georgia,clayton
georgia,clinch
georgia,cobb
georgia,coffee
georgia,colquitt
georgia,columbia
georgia,cook
georgia,coweta
georgia,crawford
georgia,crisp
georgia,dade
georgia,dawson
georgia,decatur
georgia,dekalb
georgia,dodge
georgia,dooly
georgia,dougherty
georgia,douglas
georgia,early
georgia,effingham
georgia,elbert
georgia,emanuel
georgia,fannin
georgia,fayette
georgia,floyd
georgia,forsyth
georgia,franklin
georgia,fulton
georgia,gilmer
georgia,glynn
georgia,gordon
georgia,grady
georgia,greene
georgia,gwinnett
georgia,habersham
georgia,hall
georgia,haralson
georgia,harris
georgia,hart
georgia,heard
georgia,henry
georgia,houston
georgia,irwin
georgia,jackson
georgia,jasper
georgia,jeff-davis
georgia,jefferson
georgia,jenkins
georgia,johnson
georgia,jones
georgia,lamar
georgia,lanier
georgia,laurens
georgia,lee
georgia,liberty
georgia,lincoln
georgia,long
georgia,lowndes
georgia,lumpkin
georgia,macon
georgia,madison
georgia,marion
georgia,mcduffie
georgia,mcintosh
georgia,meriwether
georgia,miller
georgia,mitchell
georgia,monroe
georgia,morgan
georgia,murray
georgia,muscogee
georgia,newton
georgia,oconee
georgia,oglethorpe
georgia,paulding
georgia,peach
georgia,pickens
georgia,pierce
georgia,pike
georgia,polk
georgia,pulaski
georgia,putnam
georgia,quitman
georgia,rabun
georgia,randolph
georgia,richmond
georgia,rockdale
georgia,schley
georgia,screven
georgia,seminole
georgia,spalding
georgia,stephens
georgia,stewart
georgia,sumter
georgia,talbot
georgia,tattnall
georgia,taylor
georgia,telfair
georgia,terrell
georgia,thomas
georgia,tift
georgia,toombs
georgia,towns
georgia,treutlen
georgia,troup
georgia,turner
georgia,twiggs
georgia,unassigned
georgia,union
georgia,upson
georgia,walker
georgia,walton
georgia,ware
georgia,warren
georgia,washington
georgia,wayne
georgia,webster
georgia,wheeler
georgia,white
georgia,whitfield
georgia,wilcox
georgia,wilkes
georgia,wilkinson
georgia,worth
grand-princess,
guam,
hawaii,hawaii
hawaii,honolulu
hawaii,kauai
hawaii,maui
hawaii,out-of-hi
hawaii,unassigned
idaho,ada
idaho,adams
idaho,bannock
idaho,bingham
idaho,blaine
idaho,bonner
idaho,bonneville
idaho,camas
idaho,canyon
idaho,caribou
idaho,cassia
idaho,custer
idaho,elmore
idaho,fremont
idaho,gem
idaho,gooding
idaho,idaho
idaho,jefferson
idaho,jerome
idaho,kootenai
idaho,latah
idaho,lewis
idaho,lincoln
idaho,madison
idaho,minidoka
idaho,nez-perce
idaho,owyhee
idaho,payette
idaho,teton
idaho,twin-falls
idaho,unassigned
idaho,valley
idaho,washington
illinois,adams
illinois,bond
illinois,boone
illinois,bureau
illinois,calhoun
illinois,carroll
illinois,champaign
illinois,christian
illinois,clark
illinois,clinton
illinois,cook
illinois,crawford
illinois,cumberland
illinois,de-witt
illinois,dekalb
illinois,douglas
illinois,dupage
illinois,effingham
illinois,fayette
illinois,ford
illinois,franklin
illinois,gallatin
illinois,grundy
illinois,henry
illinois,iroquois
illinois,jackson
illinois,jasper
illinois,jefferson
illinois,jersey
illinois,jo-daviess
illinois,kane
illinois,kankakee
illinois,kendall
illinois,knox
illinois,lake
illinois,lasalle
illinois,lee
illinois,livingston
illinois,logan
illinois,macon
illinois,macoupin
illinois,madison
illinois,marion
illinois,marshall
illinois,mason
illinois,massac
illinois,mchenry
illinois,mclean
illinois,menard
illinois,mercer
illinois,monroe
illinois,montgomery
illinois,morgan
illinois,moultrie
illinois,ogle
illinois,peoria
illinois,piatt
illinois,pike
illinois,randolph
illinois,rock-island
illinois,saline
illinois,sangamon
illinois,st.-clair
illinois,stephenson
illinois,tazewell
illinois,unassigned
illinois,vermilion
illinois,wabash
illinois,washington
illinois,whiteside
illinois,will
illinois,williamson
illinois,winnebago
illinois,woodford
indiana,adams
indiana,allen
indiana,bartholomew
indiana,benton
indiana,blackford
indiana,boone
indiana,brown
indiana,carroll
indiana,cass
indiana,clark
indiana,clay
indiana,clinton
indiana,crawford
indiana,daviess
indiana,dearborn
indiana,decatur
indiana,dekalb
indiana,delaware
indiana,dubois
indiana,elkhart
indiana,fayette
indiana,floyd
indiana,fountain
indiana,franklin
indiana,fulton
indiana,gibson
indiana,grant
indiana,greene
indiana,hamilton
indiana,hancock
indiana,harrison
indiana,hendricks
indiana,henry
indiana,howard
indiana,huntington
indiana,jackson
indiana,jasper
indiana,jay
indiana,jefferson
indiana,jennings
indiana,johnson
indiana,knox
indiana,kosciusko
indiana,lagrange
indiana,lake
indiana,laporte
indiana,lawrence
indiana,madison
indiana,marion
indiana,marshall
indiana,martin
indiana,miami
indiana,monroe
indiana,montgomery
indiana,morgan
indiana,newton
indiana,noble
indiana,ohio
indiana,orange
indiana,owen
indiana,parke
indiana,porter
indiana,posey
indiana,putnam
indiana,randolph
indiana,ripley
indiana,rush
indiana,scott
indiana,shelby
indiana,spencer
indiana,st.-joseph
indiana,starke
indiana,steuben
indiana,sullivan
indiana,switzerland
indiana,tippecanoe
indiana,tipton
indiana,unassigned
indiana,union
indiana,vanderburgh
indiana,vermillion
indiana,vigo
indiana,wabash
indiana,warren
indiana,warrick
indiana,washington
indiana,wayne
indiana,wells
indiana,white
indiana,whitley
iowa,adair
iowa,allamakee
iowa,appanoose
iowa,audubon
iowa,benton
iowa,black-hawk
iowa,boone
iowa,bremer
iowa,buchanan
iowa,butler
iowa,carroll
iowa,cedar
iowa,cerro-gordo
iowa,chickasaw
iowa,clarke
iowa,clay
iowa,clayton
iowa,clinton
iowa,crawford
iowa,dallas
iowa,delaware
iowa,des-moines
iowa,dickinson
iowa,dubuque
iowa,fayette
iowa,franklin
iowa,grundy
iowa,guthrie
iowa,hamilton
iowa,hancock
iowa,hardin
iowa,harrison
iowa,henry
iowa,howard
iowa,iowa
iowa,jackson
iowa,jasper
iowa,jefferson
iowa,johnson
iowa,jones
iowa,keokuk
iowa,kossuth
iowa,lee
iowa,linn
iowa,louisa
iowa,lyon
iowa,madison
iowa,mahaska
iowa,marion
iowa,marshall
iowa,mills
iowa,mitchell
iowa,monona
iowa,montgomery
iowa,muscatine
iowa,o'brien
iowa,page
iowa,plymouth
iowa,polk
iowa,pottawattamie
iowa,poweshiek
iowa,scott
iowa,shelby
iowa,sioux
iowa,story
iowa,tama
iowa,taylor
iowa,unassigned
iowa,van-buren
iowa,wapello
iowa,warren
iowa,washington
iowa,webster
iowa,winnebago
iowa,winneshiek
iowa,woodbury
iowa,wright
kansas,anderson
kansas,atchison
kansas,barton
kansas,bourbon
kansas,butler
kansas,chautauqua
kansas,cherokee
kansas,clay
kansas,cloud
kansas,coffey
kansas,cowley
kansas,crawford
kansas,doniphan
kansas,douglas
kansas,finney
kansas,ford
kansas,franklin
kansas,geary
kansas,gove
kansas,greenwood
kansas,harvey
kansas,jackson
kansas,jefferson
kansas,jewell
kansas,johnson
kansas,labette
kansas,leavenworth
kansas,linn
kansas,lyon
kansas,marion
kansas,mcpherson
kansas,miami
kansas,mitchell
kansas,montgomery
kansas,morris
kansas,morton
kansas,neosho
kansas,osage
kansas,osborne
kansas,ottawa
kansas,pottawatomie
kansas,pratt
kansas,reno
kansas,republic
kansas,riley
kansas,saline
kansas,sedgwick
kansas,shawnee
kansas,stafford
kansas,stevens
kansas,sumner
kansas,unassigned
kansas,wabaunsee
kansas,woodson
kansas,wyandotte
kentucky,adair
kentucky,allen
kentucky,anderson
kentucky,barren
kentucky,bath
kentucky,boone
kentucky,bourbon
kentucky,boyd
kentucky,boyle
kentucky,bracken
kentucky,breathitt
kentucky,breckinridge
kentucky,bullitt
kentucky,butler
kentucky,caldwell
kentucky,calloway
kentucky,campbell
kentucky,carroll
kentucky,carter
kentucky,christian
kentucky,clark
kentucky,clinton
kentucky,crittenden
kentucky,cumberland
kentucky,daviess
kentucky,edmonson
kentucky,fayette
kentucky,franklin
kentucky,grant
kentucky,graves
kentucky,grayson
kentucky,greenup
kentucky,hancock
kentucky,hardin
kentucky,harrison
kentucky,henderson
kentucky,henry
kentucky,hopkins
kentucky,jefferson
kentucky,jessamine
kentucky,johnson
kentucky,kenton
kentucky,larue
kentucky,laurel
kentucky,lawrence
kentucky,lewis
kentucky,logan
kentucky,lyon
kentucky,madison
kentucky,marion
kentucky,marshall
kentucky,martin
kentucky,mason
kentucky,mccracken
kentucky,mccreary
kentucky,mclean
kentucky,meade
kentucky,menifee
kentucky,mercer
kentucky,montgomery
kentucky,muhlenberg
kentucky,nelson
kentucky,nicholas
kentucky,ohio
kentucky,oldham
kentucky,pendleton
kentucky,perry
kentucky,pike
kentucky,powell
kentucky,pulaski
kentucky,rockcastle
kentucky,russell
kentucky,scott
kentucky,shelby
kentucky,simpson
kentucky,spencer
kentucky,taylor
kentucky,unassigned
kentucky,union
kentucky,warren
kentucky,washington
kentucky,wayne
kentucky,webster
kentucky,woodford
louisiana,acadia
louisiana,allen
louisiana,ascension
louisiana,assumption
louisiana,avoyelles
louisiana,beauregard
louisiana,bienville
louisiana,bossier
louisiana,caddo
louisiana,calcasieu
louisiana,caldwell
louisiana,catahoula
louisiana,claiborne
louisiana,concordia
louisiana,de-soto
louisiana,east-baton-rouge
louisiana,east-carroll
louisiana,east-feliciana
louisiana,evangeline
louisiana,franklin
louisiana,grant
louisiana,iberia
louisiana,iberville
louisiana,jackson
louisiana,jefferson
louisiana,jefferson-davis
louisiana,lafayette
louisiana,lafourche
louisiana,lasalle
louisiana,lincoln
louisiana,livingston
louisiana,madison
louisiana,morehouse
louisiana,natchitoches
louisiana,orleans
louisiana,ouachita
louisiana,plaquemines
louisiana,pointe-coupee
louisiana,rapides
louisiana,red-river
louisiana,richland
louisiana,sabine
louisiana,st.-bernard
louisiana,st.-charles
louisiana,st.-helena
louisiana,st.-james
louisiana,st.-john-the-baptist
louisiana,st.-landry
louisiana,st.-martin
louisiana,st.-mary
louisiana,st.-tammany
louisiana,tangipahoa
louisiana,terrebonne
louisiana,unassigned
louisiana,union
louisiana,vermilion
louisiana,vernon
louisiana,washington
louisiana,webster
louisiana,west-baton-rouge
louisiana,west-carroll
louisiana,west-feliciana
louisiana,winn
maine,androscoggin
maine,aroostook
maine,cumberland
maine,franklin
maine,hancock
maine,kennebec
maine,knox
maine,lincoln
maine,oxford
maine,penobscot
maine,sagadahoc
maine,somerset
maine,unassigned
maine,waldo
maine,washington
maine,york
maryland,allegany
maryland,anne-arundel
maryland,baltimore
maryland,baltimore-city
maryland,calvert
maryland,caroline
maryland,carroll
maryland,cecil
maryland,charles
maryland,dorchester
maryland,frederick
maryland,garrett
maryland,harford
maryland,howard
maryland,kent
maryland,montgomery
maryland,prince-george's
maryland,queen-anne's
maryland,somerset
maryland,st.-mary's
maryland,talbot
maryland,unassigned
maryland,washington
maryland,wicomico
maryland,worcester
massachusetts,barnstable
massachusetts,berkshire
massachusetts,bristol
massachusetts,dukes-and-nantucket
massachusetts,essex
massachusetts,franklin
massachusetts,hampden
massachusetts,hampshire
massachusetts,middlesex
massachusetts,norfolk
massachusetts,plymouth
massachusetts,suffolk
massachusetts,unassigned
massachusetts,worcester
michigan,allegan
michigan,antrim
michigan,arenac
michigan,barry
michigan,bay
michigan,benzie
michigan,berrien
michigan,branch
michigan,calhoun
michigan,cass
michigan,charlevoix
michigan,cheboygan
michigan,chippewa
michigan,clare
michigan,clinton
michigan,crawford
michigan,delta
michigan,dickinson
michigan,eaton
michigan,emmet
michigan,genesee
michigan,gladwin
michigan,gogebic
michigan,grand-traverse
michigan,gratiot
michigan,hillsdale
michigan,houghton
michigan,huron
michigan,ingham
michigan,ionia
michigan,iosco
michigan,isabella
michigan,jackson
michigan,kalamazoo
michigan,kalkaska
michigan,kent
michigan,lapeer
michigan,leelanau
michigan,lenawee
michigan,livingston
michigan,luce
michigan,mackinac
michigan,macomb
michigan,manistee
michigan,marquette
michigan,mecosta
michigan,midland
michigan,missaukee
michigan,monroe
michigan,montcalm
michigan,muskegon
michigan,newaygo
michigan,oakland
michigan,oceana
michigan,ogemaw
michigan,ontonagon
michigan,osceola
michigan,oscoda
michigan,otsego
michigan,ottawa
michigan,out-of-mi
michigan,presque-isle
michigan,roscommon
michigan,saginaw
michigan,sanilac
michigan,schoolcraft
michigan,shiawassee
michigan,st.-clair
michigan,st.-joseph
michigan,tuscola
michigan,unassigned
michigan,van-buren
michigan,washtenaw
michigan,wayne
michigan,wexford
minnesota,anoka
minnesota,beltrami
minnesota,benton
minnesota,big-stone
minnesota,blue-earth
minnesota,brown
minnesota,carlton
minnesota,carver
minnesota,cass
minnesota,chisago
minnesota,clay
minnesota,clearwater
minnesota,cottonwood
minnesota,crow-wing
minnesota,dakota
minnesota,dodge
minnesota,douglas
minnesota,faribault
minnesota,fillmore
minnesota,freeborn
minnesota,goodhue
minnesota,hennepin
minnesota,houston
minnesota,isanti
minnesota,itasca
minnesota,jackson
minnesota,kandiyohi
minnesota,koochiching
minnesota,lac-qui-parle
minnesota,le-sueur
minnesota,lincoln
minnesota,lyon
minnesota,mahnomen
minnesota,martin
minnesota,mcleod
minnesota,meeker
minnesota,mower
minnesota,murray
minnesota,nicollet
minnesota,olmsted
minnesota,otter-tail
minnesota,pipestone
minnesota,polk
minnesota,ramsey
minnesota,redwood
minnesota,renville
minnesota,rice
minnesota,scott
minnesota,sherburne
minnesota,sibley
minnesota,st.-louis
minnesota,stearns
minnesota,steele
minnesota,traverse
minnesota,unassigned
minnesota,wabasha
minnesota,waseca
minnesota,washington
minnesota,watonwan
minnesota,wilkin
minnesota,winona
minnesota,wright
minnesota,yellow-medicine
mississippi,adams
mississippi,alcorn
mississippi,amite
mississippi,attala
mississippi,benton
mississippi,bolivar
mississippi,calhoun
mississippi,carroll
mississippi,chickasaw
mississippi,choctaw
mississippi,claiborne
mississippi,clarke
mississippi,clay
mississippi,coahoma
mississippi,copiah
mississippi,covington
mississippi,desoto
mississippi,forrest
mississippi,franklin
mississippi,george
mississippi,greene
mississippi,grenada
mississippi,hancock
mississippi,harrison
mississippi,hinds
mississippi,holmes
mississippi,humphreys
mississippi,itawamba
mississippi,jackson
mississippi,jasper
mississippi,jefferson
mississippi,jones
mississippi,kemper
mississippi,lafayette
mississippi,lamar
mississippi,lauderdale
mississippi,lawrence
mississippi,leake
mississippi,lee
mississippi,leflore
mississippi,lincoln
mississippi,lowndes
mississippi,madison
mississippi,marion
mississippi,marshall
mississippi,monroe
mississippi,montgomery
mississippi,neshoba
mississippi,newton
mississippi,noxubee
mississippi,oktibbeha
mississippi,panola
mississippi,pearl-river
mississippi,perry
mississippi,pike
mississippi,pontotoc
mississippi,prentiss
mississippi,quitman
mississippi,rankin
mississippi,scott
mississippi,sharkey
mississippi,simpson
mississippi,smith
mississippi,stone
mississippi,sunflower
mississippi,tallahatchie
mississippi,tate
mississippi,tippah
mississippi,tishomingo
mississippi,tunica
mississippi,union
mississippi,walthall
mississippi,warren
mississippi,washington
mississippi,wayne
mississippi,webster
mississippi,wilkinson
mississippi,winston
mississippi,yalobusha
mississippi,yazoo
missouri,adair
missouri,atchison
missouri,barry
missouri,bates
missouri,benton
missouri,bollinger
missouri,boone
missouri,buchanan
missouri,butler
missouri,caldwell
missouri,callaway
missouri,camden
missouri,cape-girardeau
missouri,carter
missouri,cass
missouri,cedar
missouri,chariton
missouri,christian
missouri,clark
missouri,clay
missouri,clinton
missouri,cole
missouri,cooper
missouri,crawford
missouri,dallas
missouri,dekalb
missouri,dunklin
missouri,franklin
missouri,gasconade
missouri,gentry
missouri,greene
missouri,harrison
missouri,henry
missouri,howell
missouri,jackson
missouri,jasper
missouri,jefferson
missouri,johnson
missouri,kansas-city
missouri,lafayette
missouri,lincoln
missouri,linn
missouri,livingston
missouri,macon
missouri,madison
missouri,maries
missouri,mcdonald
missouri,moniteau
missouri,montgomery
missouri,morgan
missouri,new-madrid
missouri,newton
missouri,nodaway
missouri,osage
missouri,pemiscot
missouri,perry
missouri,pettis
missouri,phelps
missouri,pike
missouri,platte
missouri,pulaski
missouri,ralls
missouri,randolph
missouri,ray
missouri,reynolds
missouri,ripley
missouri,saline
missouri,scott
missouri,shelby
missouri,st.-charles
missouri,st.-francois
missouri,st.-louis
missouri,st.-louis-city
missouri,ste.-genevieve
missouri,stoddard
missouri,stone
missouri,taney
missouri,texas
missouri,unassigned
missouri,warren
missouri,webster
missouri,worth
missouri,wright
montana,beaverhead
montana,broadwater
montana,carbon
montana,cascade
montana,deer-lodge
montana,flathead
montana,gallatin
montana,glacier
montana,hill
montana,jefferson
montana,lake
montana,lewis-and-clark
montana,liberty
montana,lincoln
montana,madison
montana,meagher
montana,missoula
montana,musselshell
montana,park
montana,ravalli
montana,roosevelt
montana,silver-bow
montana,toole
montana,unassigned
montana,yellowstone
nebraska,adams
nebraska,antelope
nebraska,buffalo
nebraska,cass
nebraska,cherry
nebraska,cheyenne
nebraska,colfax
nebraska,cuming
nebraska,custer
nebraska,dawson
nebraska,dodge
nebraska,douglas
nebraska,gage
nebraska,gosper
nebraska,hall
nebraska,hamilton
nebraska,kearney
nebraska,kimball
nebraska,knox
nebraska,lancaster
nebraska,lincoln
nebraska,logan
nebraska,madison
nebraska,merrick
nebraska,nemaha
nebraska,otoe
nebraska,phelps
nebraska,platte
nebraska,sarpy
nebraska,saunders
nebraska,scotts-bluff
nebraska,seward
nebraska,stanton
nebraska,unassigned
nebraska,washington
nebraska,york
nevada,carson-city
nevada,clark
nevada,douglas
nevada,elko
nevada,humboldt
nevada,lyon
nevada,nye
nevada,unassigned
nevada,washoe
nevada,white-pine
new-hampshire,belknap
new-hampshire,carroll
new-hampshire,cheshire
new-hampshire,coos
new-hampshire,grafton
new-hampshire,hillsborough
new-hampshire,merrimack
new-hampshire,rockingham
new-hampshire,strafford
new-hampshire,sullivan
new-hampshire,unassigned
new-jersey,atlantic
new-jersey,bergen
new-jersey,burlington
new-jersey,camden
new-jersey,cape-may
new-jersey,cumberland
new-jersey,essex
new-jersey,gloucester
new-jersey,hudson
new-jersey,hunterdon
new-jersey,mercer
new-jersey,middlesex
new-jersey,monmouth
new-jersey,morris
new-jersey,ocean
new-jersey,passaic
new-jersey,salem
new-jersey,somerset
new-jersey,sussex
new-jersey,unassigned
new-jersey,union
new-jersey,warren
new-mexico,bernalillo
new-mexico,catron
new-mexico,chaves
new-mexico,cibola
new-mexico,curry
new-mexico,dona-ana
new-mexico,eddy
new-mexico,grant
new-mexico,lea
new-mexico,lincoln
new-mexico,los-alamos
new-mexico,mckinley
new-mexico,otero
new-mexico,rio-arriba
new-mexico,roosevelt
new-mexico,san-juan
new-mexico,san-miguel
new-mexico,sandoval
new-mexico,santa-fe
new-mexico,socorro
new-mexico,taos
new-mexico,torrance
new-mexico,unassigned
new-mexico,valencia
new-york,albany
new-york,allegany
new-york,broome
new-york,cattaraugus
new-york,cayuga
new-york,chautauqua
new-york,chemung
new-york,chenango
new-york,clinton
new-york,columbia
new-york,cortland
new-york,delaware
new-york,dutchess
new-york,erie
new-york,essex
new-york,franklin
new-york,fulton
new-york,genesee
new-york,greene
new-york,hamilton
new-york,herkimer
new-york,jefferson
new-york,lewis
new-york,livingston
new-york,madison
new-york,monroe
new-york,montgomery
new-york,nassau
new-york,new-york-city
new-york,niagara
new-york,oneida
new-york,onondaga
new-york,ontario
new-york,orange
new-york,orleans
new-york,oswego
new-york,otsego
new-york,putnam
new-york,rensselaer
new-york,rockland
new-york,saratoga
new-york,schenectady
new-york,schoharie
new-york,schuyler
new-york,seneca
new-york,st.-lawrence
new-york,steuben
new-york,suffolk
new-york,sullivan
new-york,tioga
new-york,tompkins
new-york,ulster
new-york,unassigned
new-york,warren
new-york,washington
new-york,wayne
new-york,westchester
new-york,wyoming
new-york,yates
north-carolina,alamance
north-carolina,alexander
north-carolina,alleghany
north-carolina,anson
north-carolina,ashe
north-carolina,beaufort
north-carolina,bertie
north-carolina,bladen
north-carolina,brunswick
north-carolina,buncombe
north-carolina,burke
north-carolina,cabarrus
north-carolina,caldwell
north-carolina,carteret
north-carolina,caswell
north-carolina,catawba
north-carolina,chatham
north-carolina,cherokee
north-carolina,chowan
north-carolina,clay
north-carolina,cleveland
north-carolina,columbus
north-carolina,craven
north-carolina,cumberland
north-carolina,currituck
north-carolina,dare
north-carolina,davidson
north-carolina,davie
north-carolina,duplin
north-carolina,durham
north-carolina,edgecombe
north-carolina,forsyth
north-carolina,franklin
north-carolina,gaston
north-carolina,gates
north-carolina,granville
north-carolina,greene
north-carolina,guilford
north-carolina,halifax
north-carolina,harnett
north-carolina,haywood
north-carolina,henderson
north-carolina,hertford
north-carolina,hoke
north-carolina,iredell
north-carolina,jackson
north-carolina,johnston
north-carolina,lee
north-carolina,lenoir
north-carolina,lincoln
north-carolina,macon
north-carolina,martin
north-carolina,mcdowell
north-carolina,mecklenburg
north-carolina,mitchell
north-carolina,montgomery
north-carolina,moore
north-carolina,nash
north-carolina,new-hanover
north-carolina,northampton
north-carolina,onslow
north-carolina,orange
north-carolina,pamlico
north-carolina,pasquotank
north-carolina,pender
north-carolina,perquimans
north-carolina,person
north-carolina,pitt
north-carolina,polk
north-carolina,randolph
north-carolina,richmond
north-carolina,robeson
north-carolina,rockingham
north-carolina,rowan
north-carolina,rutherford
north-carolina,sampson
north-carolina,scotland
north-carolina,stanly
north-carolina,stokes
north-carolina,surry
north-carolina,swain
north-carolina,transylvania
north-carolina,union
north-carolina,vance
north-carolina,wake
north-carolina,warren
north-carolina,washington
north-carolina,watauga
north-carolina,wayne
north-carolina,wilkes
north-carolina,wilson
north-carolina,yadkin
north-dakota,barnes
north-dakota,burke
north-dakota,burleigh
north-dakota,cass
north-dakota,divide
north-dakota,dunn
north-dakota,eddy
north-dakota,emmons
north-dakota,foster
north-dakota,grand-forks
north-dakota,grant
north-dakota,mchenry
north-dakota,mcintosh
north-dakota,mckenzie
north-dakota,mclean
north-dakota,mercer
north-dakota,morton
north-dakota,mountrail
north-dakota,oliver
north-dakota,pierce
north-dakota,ramsey
north-dakota,rolette
north-dakota,sioux
north-dakota,slope
north-dakota,stark
north-dakota,unassigned
north-dakota,walsh
north-dakota,ward
north-dakota,williams
northern-mariana-islands,unassigned
northern-mariana-islands,
ohio,adams
ohio,allen
ohio,ashland
ohio,ashtabula
ohio,athens
ohio,auglaize
ohio,belmont
ohio,brown
ohio,butler
ohio,carroll
ohio,champaign
ohio,clark
ohio,clermont
ohio,clinton
ohio,columbiana
ohio,coshocton
ohio,crawford
ohio,cuyahoga
ohio,darke
ohio,defiance
ohio,delaware
ohio,erie
ohio,fairfield
ohio,fayette
ohio,franklin
ohio,fulton
ohio,gallia
ohio,geauga
ohio,greene
ohio,guernsey
ohio,hamilton
ohio,hancock
ohio,hardin
ohio,highland
ohio,holmes
ohio,huron
ohio,jefferson
ohio,knox
ohio,lake
ohio,lawrence
ohio,licking
ohio,logan
ohio,lorain
ohio,lucas
ohio,madison
ohio,mahoning
ohio,marion
ohio,medina
ohio,mercer
ohio,miami
ohio,monroe
ohio,montgomery
ohio,morgan
ohio,morrow
ohio,muskingum
ohio,ottawa
ohio,paulding
ohio,perry
ohio,pickaway
ohio,pike
ohio,portage
ohio,preble
ohio,putnam
ohio,richland
ohio,ross
ohio,sandusky
ohio,scioto
ohio,seneca
ohio,shelby
ohio,stark
ohio,summit
ohio,trumbull
ohio,tuscarawas
ohio,unassigned
ohio,union
ohio,van-wert
ohio,warren
ohio,washington
ohio,wayne
ohio,williams
ohio,wood
ohio,wyandot
oklahoma,adair
oklahoma,atoka
oklahoma,beckham
oklahoma,bryan
oklahoma,caddo
oklahoma,canadian
oklahoma,carter
oklahoma,cherokee
oklahoma,choctaw
oklahoma,cleveland
oklahoma,comanche
oklahoma,cotton
oklahoma,craig
oklahoma,creek
oklahoma,custer
oklahoma,delaware
oklahoma,garfield
oklahoma,garvin
oklahoma,grady
oklahoma,grant
oklahoma,greer
oklahoma,jackson
oklahoma,jefferson
oklahoma,kay
oklahoma,kingfisher
oklahoma,kiowa
oklahoma,latimer
oklahoma,le-flore
oklahoma,lincoln
oklahoma,logan
oklahoma,love
oklahoma,major
oklahoma,mayes
oklahoma,mcclain
oklahoma,mccurtain
oklahoma,mcintosh
oklahoma,muskogee
oklahoma,noble
oklahoma,nowata
oklahoma,oklahoma
oklahoma,okmulgee
oklahoma,osage
oklahoma,ottawa
oklahoma,out-of-ok
oklahoma,pawnee
oklahoma,payne
oklahoma,pittsburg
oklahoma,pontotoc
oklahoma,pottawatomie
oklahoma,rogers
oklahoma,seminole
oklahoma,sequoyah
oklahoma,stephens
oklahoma,texas
oklahoma,tillman
oklahoma,tulsa
oklahoma,unassigned
oklahoma,wagoner
oklahoma,washington
oklahoma,washita
oklahoma,woodward
oregon,benton
oregon,clackamas
oregon,clatsop
oregon,columbia
oregon,crook
oregon,deschutes
oregon,douglas
oregon,grant
oregon,hood-river
oregon,jackson
oregon,josephine
oregon,klamath
oregon,lane
oregon,lincoln
oregon,linn
oregon,malheur
oregon,marion
oregon,morrow
oregon,multnomah
oregon,polk
oregon,sherman
oregon,tillamook
oregon,umatilla
oregon,union
oregon,wallowa
oregon,wasco
oregon,washington
oregon,yamhill
pennsylvania,adams
pennsylvania,allegheny
pennsylvania,armstrong
pennsylvania,beaver
pennsylvania,bedford
pennsylvania,berks
pennsylvania,blair
pennsylvania,bradford
pennsylvania,bucks
pennsylvania,butler
pennsylvania,cambria
pennsylvania,cameron
pennsylvania,carbon
pennsylvania,centre
pennsylvania,chester
pennsylvania,clarion
pennsylvania,clearfield
pennsylvania,clinton
pennsylvania,columbia
pennsylvania,crawford
pennsylvania,cumberland
pennsylvania,dauphin
pennsylvania,delaware
pennsylvania,erie
pennsylvania,fayette
pennsylvania,forest
pennsylvania,franklin
pennsylvania,fulton
pennsylvania,greene
pennsylvania,huntingdon
pennsylvania,indiana
pennsylvania,juniata
pennsylvania,lackawanna
pennsylvania,lancaster
pennsylvania,lawrence
pennsylvania,lebanon
pennsylvania,lehigh
pennsylvania,luzerne
pennsylvania,lycoming
pennsylvania,mckean
pennsylvania,mercer
pennsylvania,mifflin
pennsylvania,monroe
pennsylvania,montgomery
pennsylvania,montour
pennsylvania,northampton
pennsylvania,northumberland
pennsylvania,perry
pennsylvania,philadelphia
pennsylvania,pike
pennsylvania,potter
pennsylvania,schuylkill
pennsylvania,snyder
pennsylvania,somerset
pennsylvania,sullivan
pennsylvania,susquehanna
pennsylvania,tioga
pennsylvania,union
pennsylvania,venango
pennsylvania,warren
pennsylvania,washington
pennsylvania,wayne
pennsylvania,westmoreland
pennsylvania,wyoming
pennsylvania,york
puerto-rico,
recovered,
rhode-island,bristol
rhode-island,kent
rhode-island,newport
rhode-island,providence
rhode-island,unassigned
rhode-island,washington
south-carolina,abbeville
south-carolina,aiken
south-carolina,allendale
south-carolina,anderson
south-carolina,bamberg
south-carolina,barnwell
south-carolina,beaufort
south-carolina,berkeley
south-carolina,calhoun
south-carolina,charleston
south-carolina,cherokee
south-carolina,chester
south-carolina,chesterfield
south-carolina,clarendon
south-carolina,colleton
south-carolina,darlington
south-carolina,dillon
south-carolina,dorchester
south-carolina,edgefield
south-carolina,fairfield
south-carolina,florence
south-carolina,georgetown
south-carolina,greenville
south-carolina,greenwood
south-carolina,hampton
south-carolina,horry
south-carolina,jasper
south-carolina,kershaw
south-carolina,lancaster
south-carolina,laurens
south-carolina,lee
south-carolina,lexington
south-carolina,marion
south-carolina,marlboro
south-carolina,mccormick
south-carolina,newberry
south-carolina,oconee
south-carolina,orangeburg
south-carolina,pickens
south-carolina,richland
south-carolina,saluda
south-carolina,spartanburg
south-carolina,sumter
south-carolina,union
south-carolina,williamsburg
south-carolina,york
south-dakota,aurora
south-dakota,beadle
south-dakota,bon-homme
south-dakota,brookings
south-dakota,brown
south-dakota,butte
south-dakota,charles-mix
south-dakota,clark
south-dakota,clay
south-dakota,codington
south-dakota,davison
south-dakota,deuel
south-dakota,fall-river
south-dakota,faulk
south-dakota,hamlin
south-dakota,hughes
south-dakota,hutchinson
south-dakota,kingsbury
south-dakota,lake
south-dakota,lawrence
south-dakota,lincoln
south-dakota,lyman
south-dakota,marshall
south-dakota,mccook
south-dakota,meade
south-dakota,minnehaha
south-dakota,pennington
south-dakota,roberts
south-dakota,spink
south-dakota,todd
south-dakota,turner
south-dakota,unassigned
south-dakota,union
south-dakota,yankton
tennessee,anderson
tennessee,bedford
tennessee,benton
tennessee,bledsoe
tennessee,blount
tennessee,bradley
tennessee,campbell
tennessee,cannon
tennessee,carroll
tennessee,carter
tennessee,cheatham
tennessee,chester
tennessee,claiborne
tennessee,clay
tennessee,cocke
tennessee,coffee
tennessee,crockett
tennessee,cumberland
tennessee,davidson
tennessee,decatur
tennessee,dekalb
tennessee,dickson
tennessee,dyer
tennessee,fayette
tennessee,fentress
tennessee,franklin
tennessee,gibson
tennessee,giles
tennessee,grainger
tennessee,greene
tennessee,grundy
tennessee,hamblen
tennessee,hamilton
tennessee,hancock
tennessee,hardeman
tennessee,hardin
tennessee,hawkins
tennessee,haywood
tennessee,henderson
tennessee,henry
tennessee,hickman
tennessee,houston
tennessee,humphreys
tennessee,jackson
tennessee,jefferson
tennessee,johnson
tennessee,knox
tennessee,lake
tennessee,lauderdale
tennessee,lawrence
tennessee,lewis
tennessee,lincoln
tennessee,loudon
tennessee,macon
tennessee,madison
tennessee,marion
tennessee,marshall
tennessee,maury
tennessee,mcminn
tennessee,mcnairy
tennessee,meigs
tennessee,monroe
tennessee,montgomery
tennessee,moore
tennessee,morgan
tennessee,obion
tennessee,out-of-tn
tennessee,overton
tennessee,perry
tennessee,pickett
tennessee,polk
tennessee,putnam
tennessee,rhea
tennessee,roane
tennessee,robertson
tennessee,rutherford
tennessee,scott
tennessee,sequatchie
tennessee,sevier
tennessee,shelby
tennessee,smith
tennessee,stewart
tennessee,sullivan
tennessee,sumner
tennessee,tipton
tennessee,trousdale
tennessee,unassigned
tennessee,unicoi
tennessee,union
tennessee,van-buren
tennessee,warren
tennessee,washington
tennessee,wayne
tennessee,weakley
tennessee,white
tennessee,williamson
tennessee,wilson
texas,anderson
texas,andrews
texas,angelina
texas,aransas
texas,atascosa
texas,austin
texas,bastrop
texas,bell
texas,bexar
texas,blanco
texas,bowie
texas,brazoria
texas,brazos
texas,brown
texas,burleson
texas,burnet
texas,caldwell
texas,calhoun
texas,cameron
texas,camp
texas,cass
texas,castro
texas,chambers
texas,cherokee
texas,clay
texas,collin
texas,colorado
texas,comal
texas,comanche
texas,coryell
texas,crane
texas,crosby
texas,dallam
texas,dallas
texas,dawson
texas,deaf-smith
texas,denton
texas,dewitt
texas,donley
texas,eastland
texas,ector
texas,el-paso
texas,ellis
texas,erath
texas,falls
texas,fannin
texas,fayette
texas,fort-bend
texas,franklin
texas,gaines
texas,galveston
texas,gillespie
texas,goliad
texas,gonzales
texas,gray
texas,grayson
texas,gregg
texas,grimes
texas,guadalupe
texas,hale
texas,hansford
texas,hardin
texas,harris
texas,harrison
texas,hays
texas,hemphill
texas,henderson
texas,hidalgo
texas,hill
texas,hockley
texas,hood
texas,hopkins
texas,hunt
texas,hutchinson
texas,jackson
texas,jasper
texas,jefferson
texas,jim-wells
texas,johnson
texas,karnes
texas,kaufman
texas,kendall
texas,kerr
texas,kleberg
texas,lamar
texas,lamb
texas,lampasas
texas,lavaca
texas,lee
texas,leon
texas,liberty
texas,limestone
texas,live-oak
texas,llano
texas,lubbock
texas,lynn
texas,martin
texas,mason
texas,matagorda
texas,maverick
texas,mclennan
texas,medina
texas,midland
texas,milam
texas,montague
texas,montgomery
texas,moore
texas,morris
texas,nacogdoches
texas,navarro
texas,newton
texas,nueces
texas,oldham
texas,orange
texas,palo-pinto
texas,panola
texas,parker
texas,pecos
texas,polk
texas,potter
texas,randall
texas,reeves
texas,robertson
texas,rockwall
texas,rusk
texas,san-augustine
texas,san-jacinto
texas,san-patricio
texas,shelby
texas,smith
texas,starr
texas,swisher
texas,tarrant
texas,taylor
texas,terry
texas,titus
texas,tom-green
texas,travis
texas,trinity
texas,tyler
texas,upshur
texas,uvalde
texas,val-verde
texas,van-zandt
texas,victoria
texas,walker
texas,waller
texas,washington
texas,webb
texas,wharton
texas,wichita
texas,willacy
texas,williamson
texas,wilson
texas,wise
texas,wood
texas,young
texas,zapata
utah,box-elder
utah,cache
utah,carbon
utah,davis
utah,duchesne
utah,emery
utah,garfield
utah,grand
utah,iron
utah,kane
utah,salt-lake
utah,san-juan
utah,summit
utah,tooele
utah,uintah
utah,unassigned
utah,utah
utah,wasatch
utah,washington
utah,washington-county
utah,weber
vermont,addison
vermont,bennington
vermont,caledonia
vermont,chittenden
vermont,franklin
vermont,lamoille
vermont,orange
vermont,orleans
vermont,rutland
vermont,unassigned
vermont,washington
vermont,windham
vermont,windsor
virgin-islands,
virginia,accomack
virginia,albemarle
virginia,alexandria
virginia,alleghany
virginia,amelia
virginia,amherst
virginia,appomattox
virginia,arlington
virginia,augusta
virginia,bath
virginia,bedford
virginia,bland
virginia,botetourt
virginia,bristol
virginia,brunswick
virginia,buchanan
virginia,buckingham
virginia,buena-vista
virginia,campbell
virginia,caroline
virginia,carroll
virginia,charles-city
virginia,charlotte
virginia,charlottesville
virginia,chesapeake
virginia,chesterfield
virginia,clarke
virginia,colonial-heights
virginia,covington
virginia,culpeper
virginia,cumberland
virginia,danville
virginia,dickenson
virginia,dinwiddie
virginia,emporia
virginia,essex
virginia,fairfax
virginia,fairfax-city
virginia,falls-church
virginia,fauquier
virginia,floyd
virginia,fluvanna
virginia,franklin
virginia,franklin-city
virginia,frederick
virginia,fredericksburg
virginia,galax
virginia,giles
virginia,gloucester
virginia,goochland
virginia,grayson
virginia,greene
virginia,greensville
virginia,halifax
virginia,hampton
virginia,hanover
virginia,harrisonburg
virginia,henrico
virginia,henry
virginia,highland
virginia,hopewell
virginia,isle-of-wight
virginia,james-city
virginia,king-and-queen
virginia,king-george
virginia,king-william
virginia,lancaster
virginia,lee
virginia,lexington
virginia,loudoun
virginia,louisa
virginia,lunenburg
virginia,lynchburg
virginia,madison
virginia,manassas
virginia,manassas-park
virginia,martinsville
virginia,mathews
virginia,mecklenburg
virginia,middlesex
virginia,montgomery
virginia,nelson
virginia,new-kent
virginia,newport-news
virginia,norfolk
virginia,northampton
virginia,northumberland
virginia,norton
virginia,nottoway
virginia,orange
virginia,page
virginia,patrick
virginia,petersburg
virginia,pittsylvania
virginia,poquoson
virginia,portsmouth
virginia,powhatan
virginia,prince-edward
virginia,prince-george
virginia,prince-william
virginia,pulaski
virginia,radford
virginia,rappahannock
virginia,richmond
virginia,richmond-city
virginia,roanoke
virginia,roanoke-city
virginia,rockbridge
virginia,rockingham
virginia,russell
virginia,salem
virginia,scott
virginia,shenandoah
virginia,smyth
virginia,southampton
virginia,spotsylvania
virginia,stafford
virginia,staunton
virginia,suffolk
virginia,surry
virginia,sussex
virginia,tazewell
virginia,unassigned
virginia,virginia-beach
virginia,warren
virginia,washington
virginia,waynesboro
virginia,westmoreland
virginia,williamsburg
virginia,winchester
virginia,wise
virginia,wythe
virginia,york
washington,adams
washington,asotin
washington,benton
washington,chelan
washington,clallam
washington,clark
washington,columbia
washington,cowlitz
washington,douglas
washington,ferry
washington,franklin
washington,grant
washington,grays-harbor
washington,island
washington,jefferson
washington,king
washington,kitsap
washington,kittitas
washington,klickitat
washington,lewis
washington,lincoln
washington,mason
washington,okanogan
washington,pend-oreille
washington,pierce
washington,san-juan
washington,skagit
washington,skamania
washington,snohomish
washington,spokane
washington,stevens
washington,thurston
washington,unassigned
washington,wahkiakum
washington,walla-walla
washington,whatcom
washington,whitman
washington,yakima
west-virginia,barbour
west-virginia,berkeley
west-virginia,cabell
west-virginia,greenbrier
west-virginia,hancock
west-virginia,hardy
west-virginia,harrison
west-virginia,jackson
west-virginia,jefferson
west-virginia,kanawha
west-virginia,lewis
west-virginia,logan
west-virginia,marion
west-virginia,marshall
west-virginia,mason
west-virginia,mercer
west-virginia,mineral
west-virginia,monongalia
west-virginia,morgan
west-virginia,ohio
west-virginia,pendleton
west-virginia,pleasants
west-virginia,preston
west-virginia,putnam
west-virginia,raleigh
west-virginia,randolph
west-virginia,roane
west-virginia,taylor
west-virginia,tucker
west-virginia,upshur
west-virginia,wetzel
west-virginia,wirt
west-virginia,wood
wisconsin,adams
wisconsin,ashland
wisconsin,barron
wisconsin,bayfield
wisconsin,brown
wisconsin,buffalo
wisconsin,calumet
wisconsin,chippewa
wisconsin,clark
wisconsin,columbia
wisconsin,crawford
wisconsin,dane
wisconsin,dodge
wisconsin,door
wisconsin,douglas
wisconsin,dunn
wisconsin,eau-claire
wisconsin,florence
wisconsin,fond-du-lac
wisconsin,grant
wisconsin,green
wisconsin,iowa
wisconsin,iron
wisconsin,jackson
wisconsin,jefferson
wisconsin,juneau
wisconsin,kenosha
wisconsin,kewaunee
wisconsin,la-crosse
wisconsin,manitowoc
wisconsin,marathon
wisconsin,marinette
wisconsin,marquette
wisconsin,menominee
wisconsin,milwaukee
wisconsin,monroe
wisconsin,oconto
wisconsin,oneida
wisconsin,outagamie
wisconsin,ozaukee
wisconsin,pepin
wisconsin,pierce
wisconsin,portage
wisconsin,racine
wisconsin,richland
wisconsin,rock
wisconsin,rusk
wisconsin,sauk
wisconsin,shawano
wisconsin,sheboygan
wisconsin,st.-croix
wisconsin,trempealeau
wisconsin,unassigned
wisconsin,vilas
wisconsin,walworth
wisconsin,washington
wisconsin,waukesha
wisconsin,waupaca
wisconsin,waushara
wisconsin,winnebago
wisconsin,wood
wyoming,albany
wyoming,campbell
wyoming,carbon
wyoming,converse
wyoming,crook
wyoming,fremont
wyoming,goshen
wyoming,johnson
wyoming,laramie
wyoming,lincoln
wyoming,natrona
wyoming,park
wyoming,sheridan
wyoming,sublette
wyoming,sweetwater
wyoming,teton
wyoming,uinta
wyoming,unassigned
wyoming,washakie
